Application,SwapChainAddress,Runtime,SyncInterval,PresentFlags,AllowsTearing,PresentMode,Dropped,TimeInSeconds,MsBetweenPresents,MsBetweenDisplayChangeActual,MsUntilRenderComplete,MsUntilDisplayed,GPUOnlyPower(W),TotalMinusUSBCPower(W),TotalPower(W),AMDPower(W),PerfPerWattGPUOnly(F/J),PerfPerWattTotalMinusUSBC(F/J),PerfPerWattTotal(F/J),PerfPerWattAMD(F/J)
dwm.exe,0x000001710AF78AB0,DXGI,1,0,0,Hardware: Legacy Flip,0,0.025065,24.942,48.705,41.491,46.780,,,,,,,,
dwm.exe,0x000001710AF78AB0,DXGI,1,2,0,Hardware: Legacy Flip,0,0.044683,19.618,6.909,27.161,34.071,,,,,,,,
dwm.exe,0x000001710ACF79D0,DXGI,1,0,0,Hardware: Legacy Flip,0,0.044827,19.579,16.637,24.512,41.151,,,,,,,,
dwm.exe,0x000001710AF78AB0,DXGI,1,0,0,Hardware: Legacy Flip,0,0.073639,28.956,13.896,15.874,19.012,,,,,,,,
dwm.exe,0x000001710ACF79D0,DXGI,1,0,0,Hardware: Legacy Flip,0,0.073858,29.031,16.703,15.960,28.823,,,,,,,,
dwm.exe,0x000001710AF78AB0,DXGI,1,0,0,Hardware: Legacy Flip,0,0.093077,19.439,20.850,19.288,20.423,,,,,,,,
dwm.exe,0x000001710ACF79D0,DXGI,1,0,0,Hardware: Legacy Flip,0,0.114824,40.967,33.381,19.990,21.237,,,,,,,,
dwm.exe,0x000001710AF78AB0,DXGI,1,0,0,Hardware: Legacy Flip,0,0.114611,21.534,27.790,19.961,26.680,,,,,,,,
dwm.exe,0x000001710AF78AB0,DXGI,1,0,0,Hardware: Legacy Flip,0,0.141954,27.343,20.845,15.291,20.182,,,,,,,,
dwm.exe,0x000001710AF78AB0,DXGI,1,0,0,Hardware: Legacy Flip,0,0.162546,20.592,21.128,16.983,20.718,,,,,,,,
dwm.exe,0x000001710AF78AB0,DXGI,1,0,0,Hardware: Legacy Flip,0,0.184588,22.042,20.542,17.271,19.219,,,,,,,,
dwm.exe,0x000001710AF78AB0,DXGI,1,0,0,Hardware: Legacy Flip,0,0.204333,19.746,20.848,19.949,20.321,,,,,,,,
dwm.exe,0x000001710ACF79D0,DXGI,1,0,0,Hardware: Legacy Flip,0,0.184811,69.987,100.056,38.984,51.307,,,,,,,,
dwm.exe,0x000001710AF78AB0,DXGI,1,0,0,Hardware: Legacy Flip,0,0.238991,34.658,27.803,7.517,13.466,,,,,,,,
dwm.exe,0x000001710AF78AB0,DXGI,1,0,0,Hardware: Legacy Flip,0,0.252824,13.833,20.846,15.931,20.479,,,,,,,,
dwm.exe,0x000001710AF78AB0,DXGI,1,0,0,Hardware: Legacy Flip,0,0.273828,21.004,20.850,17.131,20.325,,,,,,,,
dwm.exe,0x000001710AF78AB0,DXGI,1,0,0,Hardware: Legacy Flip,0,0.294590,20.762,20.836,18.593,20.400,,,,,,,,
dwm.exe,0x000001710AF78AB0,DXGI,1,0,0,Hardware: Legacy Flip,0,0.315455,20.865,20.845,20.283,20.380,,,,,,,,
dwm.exe,0x000001710AF78AB0,DXGI,1,0,0,Hardware: Legacy Flip,0,0.336359,20.904,27.812,21.703,27.288,,,,,,,,
dwm.exe,0x000001710AF78AB0,DXGI,1,0,0,Hardware: Legacy Flip,0,0.364339,27.980,20.840,16.210,20.149,,,,,,,,
dwm.exe,0x000001710ACF79D0,DXGI,1,0,0,Hardware: Legacy Flip,0,0.336730,151.919,150.123,43.268,49.510,,,,,,,,
dwm.exe,0x000001710ACF79D0,DXGI,1,0,0,Hardware: Legacy Flip,0,0.364548,27.818,16.679,37.992,38.372,,,,,,,,
dwm.exe,0x000001710AF78AB0,DXGI,1,0,0,Hardware: Legacy Flip,0,0.391922,27.584,20.831,11.084,13.397,,,,,,,,
dwm.exe,0x000001710ACF79D0,DXGI,1,0,0,Hardware: Legacy Flip,0,0.392097,27.549,16.663,10.957,27.486,,,,,,,,
dwm.exe,0x000001710AF78AB0,DXGI,1,0,0,Hardware: Legacy Flip,0,0.405808,13.886,20.850,19.592,20.361,,,,,,,,
dwm.exe,0x000001710AF78AB0,DXGI,1,0,0,Hardware: Legacy Flip,0,0.426651,20.843,27.812,20.930,27.330,,,,,,,,
dwm.exe,0x000001710AF78AB0,DXGI,1,0,0,Hardware: Legacy Flip,0,0.454419,27.768,20.830,15.386,20.392,,,,,,,,
dwm.exe,0x000001710AF78AB0,DXGI,1,0,0,Hardware: Legacy Flip,0,0.475185,20.767,20.866,17.038,20.492,,,,,,,,
dwm.exe,0x000001710AF78AB0,DXGI,1,0,0,Hardware: Legacy Flip,0,0.496180,20.995,20.820,18.336,20.317,,,,,,,,
dwm.exe,0x000001710AF78AB0,DXGI,1,0,0,Hardware: Legacy Flip,0,0.516860,20.680,20.848,19.946,20.485,,,,,,,,
dwm.exe,0x000001710AF78AB0,DXGI,1,0,0,Hardware: Legacy Flip,0,0.537698,20.838,27.801,21.292,27.447,,,,,,,,
dwm.exe,0x000001710AF78AB0,DXGI,1,0,0,Hardware: Legacy Flip,0,0.565553,27.855,20.848,15.735,20.440,,,,,,,,
dwm.exe,0x000001710AF78AB0,DXGI,1,0,0,Hardware: Legacy Flip,0,0.586431,20.878,20.846,17.037,20.408,,,,,,,,
dwm.exe,0x000001710AF78AB0,DXGI,1,0,0,Hardware: Legacy Flip,0,0.607308,20.877,20.836,18.367,20.367,,,,,,,,
dwm.exe,0x000001710AF78AB0,DXGI,1,0,0,Hardware: Legacy Flip,0,0.628012,20.704,20.846,19.902,20.510,,,,,,,,
dwm.exe,0x000001710AF78AB0,DXGI,1,0,0,Hardware: Legacy Flip,0,0.648793,20.781,27.805,21.393,27.533,,,,,,,,
dwm.exe,0x000001710AF78AB0,DXGI,1,0,0,Hardware: Legacy Flip,0,0.676766,27.973,20.861,15.646,20.422,,,,,,,,
dwm.exe,0x000001710AF78AB0,DXGI,1,0,0,Hardware: Legacy Flip,0,0.697650,20.884,20.837,16.990,20.375,,,,,,,,
dwm.exe,0x000001710AF78AB0,DXGI,1,0,0,Hardware: Legacy Flip,0,0.718510,20.860,20.830,18.346,20.345,,,,,,,,
dwm.exe,0x000001710AF78AB0,DXGI,1,0,0,Hardware: Legacy Flip,0,0.739286,20.776,20.870,19.830,20.439,,,,,,,,
dwm.exe,0x000001710AF78AB0,DXGI,1,0,0,Hardware: Legacy Flip,0,0.760058,20.772,27.766,21.232,27.433,,,,,,,,
dwm.exe,0x000001710AF78AB0,DXGI,1,0,0,Hardware: Legacy Flip,0,0.787986,27.928,20.881,15.535,20.385,,,,,,,,
dwm.exe,0x000001710AF78AB0,DXGI,1,0,0,Hardware: Legacy Flip,0,0.808896,20.910,20.824,17.244,20.299,,,,,,,,
dwm.exe,0x000001710AF78AB0,DXGI,1,0,0,Hardware: Legacy Flip,0,0.829797,20.901,20.867,18.382,20.266,,,,,,,,
dwm.exe,0x000001710ACF79D0,DXGI,1,0,0,Hardware: Legacy Flip,0,0.830000,437.903,433.700,18.446,23.283,,,,,,,,
dwm.exe,0x000001710AF78AB0,DXGI,1,0,0,Hardware: Legacy Flip,0,0.850404,20.607,20.815,20.274,20.473,,,,,,,,
dwm.exe,0x000001710AF78AB0,DXGI,1,0,0,Hardware: Legacy Flip,0,0.871328,20.924,27.820,21.539,27.370,,,,,,,,
dwm.exe,0x000001710AF78AB0,DXGI,1,0,0,Hardware: Legacy Flip,0,0.899073,27.745,20.841,16.008,20.466,,,,,,,,
dwm.exe,0x000001710AF78AB0,DXGI,1,0,0,Hardware: Legacy Flip,0,0.919900,20.827,20.838,17.363,20.477,,,,,,,,
dwm.exe,0x000001710AF78AB0,DXGI,1,0,0,Hardware: Legacy Flip,0,0.940882,20.982,20.846,18.599,20.340,,,,,,,,
dwm.exe,0x000001710AF78AB0,DXGI,1,0,0,Hardware: Legacy Flip,0,0.961620,20.738,20.834,20.093,20.436,,,,,,,,
dwm.exe,0x000001710AF78AB0,DXGI,1,0,0,Hardware: Legacy Flip,0,0.982332,20.712,27.825,21.592,27.549,,,,,,,,
dwm.exe,0x000001710AF78AB0,DXGI,1,0,0,Hardware: Legacy Flip,0,1.010288,27.957,20.827,15.920,20.419,,,,,,,,
dwm.exe,0x000001710AF78AB0,DXGI,1,0,0,Hardware: Legacy Flip,0,1.031076,20.787,20.849,17.307,20.481,,,,,,,,
dwm.exe,0x000001710AF78AB0,DXGI,1,0,0,Hardware: Legacy Flip,0,1.051940,20.864,20.851,18.638,20.468,,,,,,,,
dwm.exe,0x000001710AF78AB0,DXGI,1,0,0,Hardware: Legacy Flip,0,1.072742,20.803,20.828,20.106,20.494,,,,,,,,
dwm.exe,0x000001710AF78AB0,DXGI,1,0,0,Hardware: Legacy Flip,0,1.093536,20.793,27.791,21.479,27.491,,,,,,,,
dwm.exe,0x000001710AF78AB0,DXGI,1,0,0,Hardware: Legacy Flip,0,1.121447,27.911,20.874,15.783,20.454,,,,,,,,
dwm.exe,0x000001710AF78AB0,DXGI,1,0,0,Hardware: Legacy Flip,0,1.142272,20.825,20.834,17.195,20.463,,,,,,,,
dwm.exe,0x000001710AF78AB0,DXGI,1,0,0,Hardware: Legacy Flip,0,1.163275,21.002,20.834,18.364,20.294,,,,,,,,
dwm.exe,0x000001710AF78AB0,DXGI,1,0,0,Hardware: Legacy Flip,0,1.183935,20.660,20.866,19.954,20.500,,,,,,,,
dwm.exe,0x000001710AF78AB0,DXGI,1,0,0,Hardware: Legacy Flip,0,1.204815,20.881,27.794,21.259,27.414,,,,,,,,
dwm.exe,0x000001710AF78AB0,DXGI,1,0,0,Hardware: Legacy Flip,0,1.232582,27.767,20.846,15.693,20.494,,,,,,,,
dwm.exe,0x000001710AF78AB0,DXGI,1,0,0,Hardware: Legacy Flip,0,1.253414,20.832,20.846,17.107,20.508,,,,,,,,
dwm.exe,0x000001710AF78AB0,DXGI,1,0,0,Hardware: Legacy Flip,0,1.274474,21.060,20.826,18.259,20.274,,,,,,,,
dwm.exe,0x000001710AF78AB0,DXGI,1,0,0,Hardware: Legacy Flip,0,1.295066,20.592,20.849,19.921,20.531,,,,,,,,
dwm.exe,0x000001710AF78AB0,DXGI,1,0,0,Hardware: Legacy Flip,0,1.315991,20.926,27.802,21.552,27.407,,,,,,,,
dwm.exe,0x000001710AF78AB0,DXGI,1,0,0,Hardware: Legacy Flip,0,1.343917,27.925,20.849,15.926,20.331,,,,,,,,
dwm.exe,0x000001710ACF79D0,DXGI,1,0,0,Hardware: Legacy Flip,0,1.344149,514.149,517.096,15.870,26.230,,,,,,,,
dwm.exe,0x000001710AF78AB0,DXGI,1,0,0,Hardware: Legacy Flip,0,1.364626,20.709,20.836,17.646,20.459,,,,,,,,
dwm.exe,0x000001710AF78AB0,DXGI,1,2,0,Hardware: Legacy Flip,0,1.378644,14.018,20.906,25.799,27.346,,,,,,,,
dwm.exe,0x000001710AF78AB0,DXGI,1,0,0,Hardware: Legacy Flip,0,1.385868,7.223,6.890,20.121,27.012,,,,,,,,
dwm.exe,0x000001710ACF79D0,DXGI,1,0,0,Hardware: Legacy Flip,0,1.378807,34.658,50.023,25.836,41.595,,,,,,,,
dwm.exe,0x000001710ACF79D0,DXGI,1,0,0,Hardware: Legacy Flip,0,1.386059,7.252,16.691,40.770,51.034,,,,,,,,
dwm.exe,0x000001710AF78AB0,DXGI,1,0,0,Hardware: Legacy Flip,0,1.427180,41.313,41.684,21.848,27.384,,,,,,,,
dwm.exe,0x000001710AF78AB0,DXGI,1,0,0,Hardware: Legacy Flip,0,1.441206,14.026,20.902,30.048,34.260,,,,,,,,
dwm.exe,0x000001710AF78AB0,DXGI,1,0,0,Hardware: Legacy Flip,0,1.454910,13.703,6.905,20.555,27.462,,,,,,,,
dwm.exe,0x000001710AF78AB0,DXGI,1,0,0,Hardware: Legacy Flip,0,1.475855,20.945,13.889,18.059,20.406,,,,,,,,
dwm.exe,0x000001710AF78AB0,DXGI,1,0,0,Hardware: Legacy Flip,0,1.496642,20.788,20.845,19.485,20.463,,,,,,,,
dwm.exe,0x000001710AF78AB0,DXGI,1,0,0,Hardware: Legacy Flip,0,1.517542,20.900,27.818,20.786,27.382,,,,,,,,
dwm.exe,0x000001710AF78AB0,DXGI,1,0,0,Hardware: Legacy Flip,0,1.545416,27.874,20.833,15.127,20.341,,,,,,,,
dwm.exe,0x000001710AF78AB0,DXGI,1,0,0,Hardware: Legacy Flip,0,1.566138,20.722,20.843,16.593,20.463,,,,,,,,
dwm.exe,0x000001710AF78AB0,DXGI,1,0,0,Hardware: Legacy Flip,0,1.587031,20.893,20.842,17.918,20.412,,,,,,,,
dwm.exe,0x000001710AF78AB0,DXGI,1,0,0,Hardware: Legacy Flip,0,1.607792,20.762,20.854,19.406,20.505,,,,,,,,
dwm.exe,0x000001710AF78AB0,DXGI,1,0,0,Hardware: Legacy Flip,0,1.628681,20.889,27.800,20.833,27.416,,,,,,,,
dwm.exe,0x000001710AF78AB0,DXGI,1,0,0,Hardware: Legacy Flip,0,1.657332,28.651,20.838,14.489,19.604,,,,,,,,
dwm.exe,0x000001710AF78AB0,DXGI,1,0,0,Hardware: Legacy Flip,0,1.677609,20.277,20.856,16.598,20.183,,,,,,,,
dwm.exe,0x000001710ACF79D0,DXGI,1,0,0,Hardware: Legacy Flip,0,1.657521,271.462,266.895,36.205,46.467,,,,,,,,
dwm.exe,0x000001710AF78AB0,DXGI,1,0,0,Hardware: Legacy Flip,0,1.705323,27.714,20.826,11.113,13.294,,,,,,,,
dwm.exe,0x000001710AF78AB0,DXGI,1,0,0,Hardware: Legacy Flip,0,1.718993,13.670,20.858,19.701,20.482,,,,,,,,
dwm.exe,0x000001710AF78AB0,DXGI,1,0,0,Hardware: Legacy Flip,0,1.739857,20.864,27.807,21.037,27.426,,,,,,,,
dwm.exe,0x000001710AF78AB0,DXGI,1,0,0,Hardware: Legacy Flip,0,1.767698,27.841,20.821,15.420,20.406,,,,,,,,
dwm.exe,0x000001710AF78AB0,DXGI,1,0,0,Hardware: Legacy Flip,0,1.788469,20.771,20.859,16.879,20.494,,,,,,,,
dwm.exe,0x000001710AF78AB0,DXGI,1,0,0,Hardware: Legacy Flip,0,1.809434,20.966,20.839,18.465,20.367,,,,,,,,
dwm.exe,0x000001710AF78AB0,DXGI,1,0,0,Hardware: Legacy Flip,0,1.830375,20.940,20.840,19.579,20.267,,,,,,,,
dwm.exe,0x000001710ACF79D0,DXGI,1,0,0,Hardware: Legacy Flip,0,1.830593,173.072,150.126,19.637,23.521,,,,,,,,
dwm.exe,0x000001710AF78AB0,DXGI,1,0,0,Hardware: Legacy Flip,0,1.851023,20.648,27.808,21.458,27.426,,,,,,,,
dwm.exe,0x000001710AF78AB0,DXGI,1,0,0,Hardware: Legacy Flip,0,1.878806,27.783,20.856,15.857,20.499,,,,,,,,
dwm.exe,0x000001710AF78AB0,DXGI,1,0,0,Hardware: Legacy Flip,0,1.899705,20.899,20.849,17.229,20.450,,,,,,,,
dwm.exe,0x000001710AF78AB0,DXGI,1,0,0,Hardware: Legacy Flip,0,1.920634,20.929,20.821,18.523,20.341,,,,,,,,
dwm.exe,0x000001710AF78AB0,DXGI,1,0,0,Hardware: Legacy Flip,0,1.941365,20.730,20.849,19.963,20.460,,,,,,,,
dwm.exe,0x000001710AF78AB0,DXGI,1,0,0,Hardware: Legacy Flip,0,1.962109,20.745,27.809,21.436,27.524,,,,,,,,
dwm.exe,0x000001710AF78AB0,DXGI,1,0,0,Hardware: Legacy Flip,0,1.989988,27.879,20.847,15.793,20.493,,,,,,,,
dwm.exe,0x000001710AF78AB0,DXGI,1,0,0,Hardware: Legacy Flip,0,2.010840,20.852,20.842,17.386,20.483,,,,,,,,
dwm.exe,0x000001710AF78AB0,DXGI,1,0,0,Hardware: Legacy Flip,0,2.031804,20.964,20.831,18.604,20.349,,,,,,,,
dwm.exe,0x000001710AF78AB0,DXGI,1,0,0,Hardware: Legacy Flip,0,2.052489,20.685,20.848,20.160,20.512,,,,,,,,
dwm.exe,0x000001710AF78AB0,DXGI,1,0,0,Hardware: Legacy Flip,0,2.080390,27.901,27.841,14.443,20.453,,,,,,,,
dwm.exe,0x000001710AF78AB0,DXGI,1,0,0,Hardware: Legacy Flip,0,2.101473,21.084,20.805,15.582,20.174,,,,,,,,
dwm.exe,0x000001710AF78AB0,DXGI,1,0,0,Hardware: Legacy Flip,0,2.122103,20.630,20.850,17.149,20.394,,,,,,,,
dwm.exe,0x000001710AF78AB0,DXGI,1,0,0,Hardware: Legacy Flip,0,2.142963,20.860,20.836,18.811,20.371,,,,,,,,
dwm.exe,0x000001710AF78AB0,DXGI,1,0,0,Hardware: Legacy Flip,0,2.164494,21.531,20.853,19.590,19.692,,,,,,,,
dwm.exe,0x000001710ACF79D0,DXGI,1,0,0,Hardware: Legacy Flip,0,2.164707,334.114,333.712,19.522,23.119,,,,,,,,
dwm.exe,0x000001710AF78AB0,DXGI,1,0,0,Hardware: Legacy Flip,0,2.184521,20.026,27.795,21.964,27.461,,,,,,,,
dwm.exe,0x000001710AF78AB0,DXGI,1,0,0,Hardware: Legacy Flip,0,2.212437,27.916,20.858,16.281,20.402,,,,,,,,
dwm.exe,0x000001710AF78AB0,DXGI,1,0,0,Hardware: Legacy Flip,0,2.233202,20.765,20.838,17.754,20.475,,,,,,,,
dwm.exe,0x000001710AF78AB0,DXGI,1,0,0,Hardware: Legacy Flip,0,2.254058,20.856,20.846,19.104,20.465,,,,,,,,
dwm.exe,0x000001710AF78AB0,DXGI,1,0,0,Hardware: Legacy Flip,0,2.274880,20.822,27.928,20.547,27.572,,,,,,,,
dwm.exe,0x000001710AF78AB0,DXGI,1,0,0,Hardware: Legacy Flip,0,2.302845,27.965,41.593,37.052,41.199,,,,,,,,
dwm.exe,0x000001710AF78AB0,DXGI,1,0,0,Hardware: Legacy Flip,0,2.323535,20.690,7.147,20.508,27.657,,,,,,,,
dwm.exe,0x000001710AF78AB0,DXGI,1,0,0,Hardware: Legacy Flip,0,2.344513,20.978,13.656,17.866,20.335,,,,,,,,
dwm.exe,0x000001710ACF79D0,DXGI,1,0,0,Hardware: Legacy Flip,0,2.344689,179.982,200.038,39.675,43.175,,,,,,,,
dwm.exe,0x000001710AF78AB0,DXGI,1,0,0,Hardware: Legacy Flip,0,2.365396,20.882,48.705,41.583,48.157,,,,,,,,
dwm.exe,0x000001710AF78AB0,DXGI,1,0,0,Hardware: Legacy Flip,0,2.393331,27.935,6.885,20.220,27.107,,,,,,,,
dwm.exe,0x000001710ACF79D0,DXGI,1,0,0,Hardware: Legacy Flip,0,2.365634,20.945,33.425,41.520,55.656,,,,,,,,
dwm.exe,0x000001710AF78AB0,DXGI,1,0,0,Hardware: Legacy Flip,0,2.427908,34.578,13.914,1.826,6.443,,,,,,,,
dwm.exe,0x000001710ACF79D0,DXGI,1,0,0,Hardware: Legacy Flip,0,2.393532,27.898,16.658,27.756,44.415,,,,,,,,
dwm.exe,0x000001710ACF79D0,DXGI,1,0,0,Hardware: Legacy Flip,0,2.428111,34.579,16.634,9.835,26.471,,,,,,,,
dwm.exe,0x000001710AF78AB0,DXGI,1,0,0,Hardware: Legacy Flip,0,2.441596,13.688,20.821,10.584,13.576,,,,,,,,
dwm.exe,0x000001710AF78AB0,DXGI,1,0,0,Hardware: Legacy Flip,0,2.455481,13.886,20.852,18.957,20.543,,,,,,,,
dwm.exe,0x000001710AF78AB0,DXGI,1,0,0,Hardware: Legacy Flip,0,2.476360,20.878,20.843,20.295,20.508,,,,,,,,
dwm.exe,0x000001710AF78AB0,DXGI,1,0,0,Hardware: Legacy Flip,0,2.497236,20.876,27.817,21.676,27.448,,,,,,,,
dwm.exe,0x000001710AF78AB0,DXGI,1,0,0,Hardware: Legacy Flip,0,2.525091,27.855,20.838,15.978,20.431,,,,,,,,
dwm.exe,0x000001710AF78AB0,DXGI,1,0,0,Hardware: Legacy Flip,0,2.545916,20.825,20.842,17.417,20.448,,,,,,,,
dwm.exe,0x000001710AF78AB0,DXGI,1,0,0,Hardware: Legacy Flip,0,2.566818,20.903,20.854,18.743,20.400,,,,,,,,
dwm.exe,0x000001710AF78AB0,DXGI,1,0,0,Hardware: Legacy Flip,0,2.587622,20.803,20.841,20.153,20.438,,,,,,,,
dwm.exe,0x000001710AF78AB0,DXGI,1,0,0,Hardware: Legacy Flip,0,2.608362,20.740,27.804,21.598,27.502,,,,,,,,
dwm.exe,0x000001710AF78AB0,DXGI,1,0,0,Hardware: Legacy Flip,0,2.636239,27.877,20.846,15.989,20.471,,,,,,,,
dwm.exe,0x000001710AF78AB0,DXGI,1,0,0,Hardware: Legacy Flip,0,2.657135,20.896,20.837,17.328,20.412,,,,,,,,
dwm.exe,0x000001710AF78AB0,DXGI,1,0,0,Hardware: Legacy Flip,0,2.678147,21.013,20.834,18.556,20.234,,,,,,,,
dwm.exe,0x000001710AF78AB0,DXGI,1,0,0,Hardware: Legacy Flip,0,2.698826,20.679,20.848,20.083,20.402,,,,,,,,
dwm.exe,0x000001710AF78AB0,DXGI,1,0,0,Hardware: Legacy Flip,0,2.719526,20.699,27.812,21.524,27.515,,,,,,,,
dwm.exe,0x000001710AF78AB0,DXGI,1,0,0,Hardware: Legacy Flip,0,2.747444,27.918,20.836,15.860,20.433,,,,,,,,
dwm.exe,0x000001710AF78AB0,DXGI,1,0,0,Hardware: Legacy Flip,0,2.768263,20.819,20.834,17.241,20.448,,,,,,,,
dwm.exe,0x000001710AF78AB0,DXGI,1,0,0,Hardware: Legacy Flip,0,2.789108,20.845,20.877,18.626,20.479,,,,,,,,
dwm.exe,0x000001710AF78AB0,DXGI,1,0,0,Hardware: Legacy Flip,0,2.810053,20.946,20.821,20.184,20.354,,,,,,,,
dwm.exe,0x000001710ACF79D0,DXGI,1,0,0,Hardware: Legacy Flip,0,2.831131,403.020,400.328,21.316,23.778,,,,,,,,
dwm.exe,0x000001710AF78AB0,DXGI,1,0,0,Hardware: Legacy Flip,0,2.830930,20.876,27.811,21.257,27.289,,,,,,,,
dwm.exe,0x000001710AF78AB0,DXGI,1,0,0,Hardware: Legacy Flip,0,2.858579,27.649,20.838,16.102,20.478,,,,,,,,
dwm.exe,0x000001710AF78AB0,DXGI,1,0,0,Hardware: Legacy Flip,0,2.879505,20.926,20.858,17.404,20.411,,,,,,,,
dwm.exe,0x000001710AF78AB0,DXGI,1,0,0,Hardware: Legacy Flip,0,2.900338,20.833,20.831,18.835,20.408,,,,,,,,
dwm.exe,0x000001710AF78AB0,DXGI,1,0,0,Hardware: Legacy Flip,0,2.921125,20.787,20.839,20.270,20.460,,,,,,,,
dwm.exe,0x000001710AF78AB0,DXGI,1,0,0,Hardware: Legacy Flip,0,2.942036,20.911,27.803,21.505,27.352,,,,,,,,
dwm.exe,0x000001710AF78AB0,DXGI,1,0,0,Hardware: Legacy Flip,0,2.969778,27.742,20.855,16.027,20.465,,,,,,,,
dwm.exe,0x000001710AF78AB0,DXGI,1,0,0,Hardware: Legacy Flip,0,2.990649,20.871,20.839,17.331,20.433,,,,,,,,
dwm.exe,0x000001710AF78AB0,DXGI,1,0,0,Hardware: Legacy Flip,0,3.011522,20.873,20.835,18.649,20.395,,,,,,,,
dwm.exe,0x000001710AF78AB0,DXGI,1,0,0,Hardware: Legacy Flip,0,3.032232,20.710,20.843,20.163,20.528,,,,,,,,
dwm.exe,0x000001710AF78AB0,DXGI,1,0,0,Hardware: Legacy Flip,0,3.053067,20.835,27.817,21.562,27.509,,,,,,,,
dwm.exe,0x000001710AF78AB0,DXGI,1,0,0,Hardware: Legacy Flip,0,3.080967,27.899,20.839,16.332,20.449,,,,,,,,
dwm.exe,0x000001710AF78AB0,DXGI,1,0,0,Hardware: Legacy Flip,0,3.102046,21.079,20.829,17.570,20.199,,,,,,,,
dwm.exe,0x000001710AF78AB0,DXGI,1,0,0,Hardware: Legacy Flip,0,3.122623,20.578,20.868,19.647,20.490,,,,,,,,
dwm.exe,0x000001710AF78AB0,DXGI,1,0,0,Hardware: Legacy Flip,0,3.143577,20.954,27.783,20.887,27.319,,,,,,,,
dwm.exe,0x000001710AF78AB0,DXGI,1,0,0,Hardware: Legacy Flip,0,3.171269,27.692,20.847,15.428,20.474,,,,,,,,
dwm.exe,0x000001710AF78AB0,DXGI,1,0,0,Hardware: Legacy Flip,0,3.192176,20.907,20.846,16.775,20.413,,,,,,,,
dwm.exe,0x000001710AF78AB0,DXGI,1,0,0,Hardware: Legacy Flip,0,3.212995,20.819,20.841,18.198,20.435,,,,,,,,
dwm.exe,0x000001710AF78AB0,DXGI,1,0,0,Hardware: Legacy Flip,0,3.233765,20.770,20.853,19.610,20.519,,,,,,,,
dwm.exe,0x000001710AF78AB0,DXGI,1,0,0,Hardware: Legacy Flip,0,3.254593,20.828,27.804,20.973,27.495,,,,,,,,
dwm.exe,0x000001710AF78AB0,DXGI,1,0,0,Hardware: Legacy Flip,0,3.282502,27.909,20.967,15.260,20.553,,,,,,,,
dwm.exe,0x000001710AF78AB0,DXGI,1,0,0,Hardware: Legacy Flip,0,3.303575,21.073,20.716,16.671,20.195,,,,,,,,
dwm.exe,0x000001710AF78AB0,DXGI,1,0,0,Hardware: Legacy Flip,0,3.324242,20.667,20.839,18.298,20.367,,,,,,,,
dwm.exe,0x000001710ACF79D0,DXGI,1,0,0,Hardware: Legacy Flip,0,3.324415,493.284,517.101,40.034,47.595,,,,,,,,
dwm.exe,0x000001710ACF79D0,DXGI,1,0,0,Hardware: Legacy Flip,0,3.345463,21.048,16.713,41.824,43.261,,,,,,,,
dwm.exe,0x000001710AF78AB0,DXGI,1,0,0,Hardware: Legacy Flip,0,3.345174,20.932,48.702,41.916,48.137,,,,,,,,
dwm.exe,0x000001710AF78AB0,DXGI,1,0,0,Hardware: Legacy Flip,0,3.373078,27.904,6.904,20.232,27.137,,,,,,,,
dwm.exe,0x000001710ACF79D0,DXGI,1,0,0,Hardware: Legacy Flip,0,3.373290,27.827,16.655,15.432,32.089,,,,,,,,
dwm.exe,0x000001710AF78AB0,DXGI,1,0,0,Hardware: Legacy Flip,0,3.393881,20.803,13.888,15.950,20.222,,,,,,,,
dwm.exe,0x000001710ACF79D0,DXGI,1,0,0,Hardware: Legacy Flip,0,3.394084,20.795,16.671,15.925,27.965,,,,,,,,
dwm.exe,0x000001710AF78AB0,DXGI,1,0,0,Hardware: Legacy Flip,0,3.414592,20.711,20.837,17.689,20.348,,,,,,,,
dwm.exe,0x000001710AF78AB0,DXGI,1,0,0,Hardware: Legacy Flip,0,3.435319,20.727,20.842,19.244,20.463,,,,,,,,
dwm.exe,0x000001710AF78AB0,DXGI,1,0,0,Hardware: Legacy Flip,0,3.456153,20.834,27.817,20.628,27.445,,,,,,,,
dwm.exe,0x000001710AF78AB0,DXGI,1,0,0,Hardware: Legacy Flip,0,3.484142,27.989,20.835,14.826,20.291,,,,,,,,
dwm.exe,0x000001710AF78AB0,DXGI,1,0,0,Hardware: Legacy Flip,0,3.504788,20.645,20.861,16.426,20.507,,,,,,,,
dwm.exe,0x000001710AF78AB0,DXGI,1,0,0,Hardware: Legacy Flip,0,3.525722,20.934,20.844,17.723,20.417,,,,,,,,
dwm.exe,0x000001710AF78AB0,DXGI,1,0,0,Hardware: Legacy Flip,0,3.546552,20.830,20.837,19.097,20.424,,,,,,,,
dwm.exe,0x000001710AF78AB0,DXGI,1,0,0,Hardware: Legacy Flip,0,3.567279,20.727,27.805,20.590,27.502,,,,,,,,
dwm.exe,0x000001710AF78AB0,DXGI,1,0,0,Hardware: Legacy Flip,0,3.595216,27.936,20.848,14.935,20.413,,,,,,,,
dwm.exe,0x000001710AF78AB0,DXGI,1,0,0,Hardware: Legacy Flip,0,3.616026,20.811,20.831,16.307,20.433,,,,,,,,
dwm.exe,0x000001710AF78AB0,DXGI,1,0,0,Hardware: Legacy Flip,0,3.636888,20.862,20.850,17.682,20.421,,,,,,,,
dwm.exe,0x000001710AF78AB0,DXGI,1,0,0,Hardware: Legacy Flip,0,3.657887,20.999,20.845,18.890,20.267,,,,,,,,
dwm.exe,0x000001710AF78AB0,DXGI,1,0,0,Hardware: Legacy Flip,0,3.678483,20.596,27.782,20.585,27.453,,,,,,,,
dwm.exe,0x000001710AF78AB0,DXGI,1,0,0,Hardware: Legacy Flip,0,3.706317,27.834,20.858,14.955,20.477,,,,,,,,
dwm.exe,0x000001710AF78AB0,DXGI,1,0,0,Hardware: Legacy Flip,0,3.727171,20.853,20.841,16.328,20.465,,,,,,,,
dwm.exe,0x000001710AF78AB0,DXGI,1,0,0,Hardware: Legacy Flip,0,3.748165,20.995,20.863,17.560,20.333,,,,,,,,
dwm.exe,0x000001710AF78AB0,DXGI,1,0,0,Hardware: Legacy Flip,0,3.768870,20.705,20.824,19.113,20.452,,,,,,,,
dwm.exe,0x000001710AF78AB0,DXGI,1,0,0,Hardware: Legacy Flip,0,3.789668,20.798,27.807,20.587,27.460,,,,,,,,
dwm.exe,0x000001710AF78AB0,DXGI,1,0,0,Hardware: Legacy Flip,0,3.817622,27.954,20.965,15.122,20.471,,,,,,,,
dwm.exe,0x000001710ACF79D0,DXGI,1,0,0,Hardware: Legacy Flip,0,3.838850,444.766,433.690,16.203,16.889,,,,,,,,
dwm.exe,0x000001710AF78AB0,DXGI,1,0,0,Hardware: Legacy Flip,0,3.838656,21.034,20.736,16.139,20.173,,,,,,,,
dwm.exe,0x000001710AF78AB0,DXGI,1,0,0,Hardware: Legacy Flip,0,3.859322,20.666,20.827,17.997,20.334,,,,,,,,
dwm.exe,0x000001710AF78AB0,DXGI,1,0,0,Hardware: Legacy Flip,0,3.880043,20.721,20.859,19.554,20.472,,,,,,,,
dwm.exe,0x000001710AF78AB0,DXGI,1,0,0,Hardware: Legacy Flip,0,3.901019,20.976,27.800,20.789,27.296,,,,,,,,
dwm.exe,0x000001710AF78AB0,DXGI,1,0,0,Hardware: Legacy Flip,0,3.928839,27.820,20.988,15.132,20.464,,,,,,,,
dwm.exe,0x000001710AF78AB0,DXGI,1,0,0,Hardware: Legacy Flip,0,3.949673,20.835,20.705,16.546,20.334,,,,,,,,
dwm.exe,0x000001710AF78AB0,DXGI,1,0,0,Hardware: Legacy Flip,0,3.970354,20.680,20.823,18.098,20.477,,,,,,,,
dwm.exe,0x000001710AF78AB0,DXGI,1,0,0,Hardware: Legacy Flip,0,3.991165,20.811,20.851,19.536,20.516,,,,,,,,
dwm.exe,0x000001710AF78AB0,DXGI,1,0,0,Hardware: Legacy Flip,0,4.011974,20.808,27.791,21.083,27.500,,,,,,,,
dwm.exe,0x000001710AF78AB0,DXGI,1,0,0,Hardware: Legacy Flip,0,4.039842,27.868,20.864,15.571,20.495,,,,,,,,
dwm.exe,0x000001710AF78AB0,DXGI,1,0,0,Hardware: Legacy Flip,0,4.060648,20.806,20.837,16.961,20.526,,,,,,,,
dwm.exe,0x000001710AF78AB0,DXGI,1,0,0,Hardware: Legacy Flip,0,4.081512,20.865,20.839,18.345,20.500,,,,,,,,
dwm.exe,0x000001710AF78AB0,DXGI,1,0,0,Hardware: Legacy Flip,0,4.102454,20.942,20.844,19.771,20.403,,,,,,,,
dwm.exe,0x000001710AF78AB0,DXGI,1,0,0,Hardware: Legacy Flip,0,4.123316,20.862,27.814,20.940,27.355,,,,,,,,
dwm.exe,0x000001710AF78AB0,DXGI,1,0,0,Hardware: Legacy Flip,0,4.151083,27.767,20.833,15.397,20.421,,,,,,,,
dwm.exe,0x000001710AF78AB0,DXGI,1,0,0,Hardware: Legacy Flip,0,4.171925,20.842,21.067,16.804,20.646,,,,,,,,
dwm.exe,0x000001710AF78AB0,DXGI,1,0,0,Hardware: Legacy Flip,0,4.192936,21.011,20.618,18.037,20.253,,,,,,,,
dwm.exe,0x000001710AF78AB0,DXGI,1,0,0,Hardware: Legacy Flip,0,4.213500,20.564,20.879,19.726,20.568,,,,,,,,
dwm.exe,0x000001710AF78AB0,DXGI,1,0,0,Hardware: Legacy Flip,0,4.234529,21.028,27.781,20.829,27.321,,,,,,,,
dwm.exe,0x000001710AF78AB0,DXGI,1,0,0,Hardware: Legacy Flip,0,4.262260,27.732,20.834,15.312,20.424,,,,,,,,
dwm.exe,0x000001710AF78AB0,DXGI,1,0,0,Hardware: Legacy Flip,0,4.283010,20.750,20.846,16.781,20.520,,,,,,,,
dwm.exe,0x000001710AF78AB0,DXGI,1,0,0,Hardware: Legacy Flip,0,4.303906,20.895,20.863,18.104,20.487,,,,,,,,
dwm.exe,0x000001710ACF79D0,DXGI,1,0,0,Hardware: Legacy Flip,0,4.346276,507.426,517.089,20.527,26.552,,,,,,,,
dwm.exe,0x000001710AF78AB0,DXGI,1,0,0,Hardware: Legacy Flip,0,4.324846,20.941,48.659,41.442,48.206,,,,,,,,
dwm.exe,0x000001710AF78AB0,DXGI,1,0,0,Hardware: Legacy Flip,0,4.345974,21.127,6.924,27.077,34.003,,,,,,,,
dwm.exe,0x000001710AF78AB0,DXGI,1,0,0,Hardware: Legacy Flip,0,4.373422,27.449,13.946,15.869,20.500,,,,,,,,
dwm.exe,0x000001710AF78AB0,DXGI,1,2,0,Hardware: Legacy Flip,0,4.380651,7.229,6.906,13.269,20.177,,,,,,,,
dwm.exe,0x000001710ACF79D0,DXGI,1,0,0,Hardware: Legacy Flip,0,4.380886,34.610,33.373,8.651,25.316,,,,,,,,
dwm.exe,0x000001710AF78AB0,DXGI,1,0,0,Hardware: Legacy Flip,0,4.394712,14.061,13.894,17.431,20.010,,,,,,,,
dwm.exe,0x000001710ACF79D0,DXGI,1,0,0,Hardware: Legacy Flip,0,4.394906,14.020,16.678,17.285,27.975,,,,,,,,
dwm.exe,0x000001710AF78AB0,DXGI,1,0,0,Hardware: Legacy Flip,0,4.415247,20.534,20.825,19.021,20.301,,,,,,,,
dwm.exe,0x000001710ACF79D0,DXGI,1,0,0,Hardware: Legacy Flip,0,4.415419,20.513,16.686,19.116,24.148,,,,,,,,
dwm.exe,0x000001710AF78AB0,DXGI,1,0,0,Hardware: Legacy Flip,0,4.435903,20.656,27.819,20.927,27.464,,,,,,,,
dwm.exe,0x000001710AF78AB0,DXGI,1,0,0,Hardware: Legacy Flip,0,4.463786,27.883,20.831,15.290,20.411,,,,,,,,
dwm.exe,0x000001710AF78AB0,DXGI,1,0,0,Hardware: Legacy Flip,0,4.484610,20.824,20.851,16.710,20.438,,,,,,,,
dwm.exe,0x000001710AF78AB0,DXGI,1,0,0,Hardware: Legacy Flip,0,4.505432,20.822,20.834,18.083,20.449,,,,,,,,
dwm.exe,0x000001710AF78AB0,DXGI,1,0,0,Hardware: Legacy Flip,0,4.526289,20.857,20.845,19.453,20.438,,,,,,,,
dwm.exe,0x000001710AF78AB0,DXGI,1,0,0,Hardware: Legacy Flip,0,4.547058,20.769,27.813,20.917,27.482,,,,,,,,
dwm.exe,0x000001710AF78AB0,DXGI,1,0,0,Hardware: Legacy Flip,0,4.574927,27.868,20.836,15.255,20.449,,,,,,,,
dwm.exe,0x000001710AF78AB0,DXGI,1,0,0,Hardware: Legacy Flip,0,4.595717,20.790,20.851,16.769,20.510,,,,,,,,
dwm.exe,0x000001710AF78AB0,DXGI,1,0,0,Hardware: Legacy Flip,0,4.616627,20.910,20.831,18.056,20.431,,,,,,,,
dwm.exe,0x000001710AF78AB0,DXGI,1,0,0,Hardware: Legacy Flip,0,4.637434,20.807,20.846,19.497,20.470,,,,,,,,
dwm.exe,0x000001710AF78AB0,DXGI,1,0,0,Hardware: Legacy Flip,0,4.658282,20.848,27.804,20.832,27.426,,,,,,,,
dwm.exe,0x000001710AF78AB0,DXGI,1,0,0,Hardware: Legacy Flip,0,4.686259,27.976,20.836,15.128,20.286,,,,,,,,
dwm.exe,0x000001710AF78AB0,DXGI,1,0,0,Hardware: Legacy Flip,0,4.706961,20.702,20.859,16.615,20.443,,,,,,,,
dwm.exe,0x000001710AF78AB0,DXGI,1,0,0,Hardware: Legacy Flip,0,4.727788,20.828,20.834,17.957,20.449,,,,,,,,
dwm.exe,0x000001710AF78AB0,DXGI,1,0,0,Hardware: Legacy Flip,0,4.748620,20.831,20.878,19.392,20.496,,,,,,,,
dwm.exe,0x000001710AF78AB0,DXGI,1,0,0,Hardware: Legacy Flip,0,4.769425,20.805,27.767,20.794,27.457,,,,,,,,
dwm.exe,0x000001710AF78AB0,DXGI,1,0,0,Hardware: Legacy Flip,0,4.797432,28.007,20.873,14.999,20.323,,,,,,,,
dwm.exe,0x000001710AF78AB0,DXGI,1,0,0,Hardware: Legacy Flip,0,4.818254,20.822,20.943,16.745,20.444,,,,,,,,
dwm.exe,0x000001710AF78AB0,DXGI,1,0,0,Hardware: Legacy Flip,0,4.839290,21.036,20.720,17.884,20.128,,,,,,,,
dwm.exe,0x000001710ACF79D0,DXGI,1,0,0,Hardware: Legacy Flip,0,4.839533,424.115,433.680,17.821,33.713,,,,,,,,
dwm.exe,0x000001710AF78AB0,DXGI,1,0,0,Hardware: Legacy Flip,0,4.859753,20.463,20.857,19.807,20.522,,,,,,,,
dwm.exe,0x000001710AF78AB0,DXGI,1,0,0,Hardware: Legacy Flip,0,4.880576,20.823,27.786,21.203,27.485,,,,,,,,
dwm.exe,0x000001710AF78AB0,DXGI,1,0,0,Hardware: Legacy Flip,0,4.908565,27.989,20.863,15.421,20.359,,,,,,,,
dwm.exe,0x000001710AF78AB0,DXGI,1,0,0,Hardware: Legacy Flip,0,4.929330,20.765,20.837,16.894,20.431,,,,,,,,
dwm.exe,0x000001710AF78AB0,DXGI,1,0,0,Hardware: Legacy Flip,0,4.950264,20.934,20.838,18.184,20.336,,,,,,,,
dwm.exe,0x000001710AF78AB0,DXGI,1,0,0,Hardware: Legacy Flip,0,4.970900,20.636,20.841,19.781,20.541,,,,,,,,
dwm.exe,0x000001710AF78AB0,DXGI,1,0,0,Hardware: Legacy Flip,0,4.991764,20.864,27.820,21.136,27.497,,,,,,,,
dwm.exe,0x000001710AF78AB0,DXGI,1,0,0,Hardware: Legacy Flip,0,5.019621,27.857,20.831,15.477,20.471,,,,,,,,
dwm.exe,0x000001710AF78AB0,DXGI,1,0,0,Hardware: Legacy Flip,0,5.040436,20.815,20.845,16.902,20.501,,,,,,,,
dwm.exe,0x000001710AF78AB0,DXGI,1,0,0,Hardware: Legacy Flip,0,5.061313,20.877,20.836,18.254,20.460,,,,,,,,
dwm.exe,0x000001710AF78AB0,DXGI,1,0,0,Hardware: Legacy Flip,0,5.082088,20.775,20.852,20.216,20.536,,,,,,,,
dwm.exe,0x000001710AF78AB0,DXGI,1,0,0,Hardware: Legacy Flip,0,5.103093,21.005,27.801,21.516,27.333,,,,,,,,
dwm.exe,0x000001710AF78AB0,DXGI,1,0,0,Hardware: Legacy Flip,0,5.130803,27.710,20.845,16.002,20.468,,,,,,,,
dwm.exe,0x000001710AF78AB0,DXGI,1,0,0,Hardware: Legacy Flip,0,5.151617,20.814,20.849,17.390,20.503,,,,,,,,
dwm.exe,0x000001710AF78AB0,DXGI,1,0,0,Hardware: Legacy Flip,0,5.172475,20.859,20.837,18.733,20.481,,,,,,,,
dwm.exe,0x000001710AF78AB0,DXGI,1,0,0,Hardware: Legacy Flip,0,5.193337,20.861,20.863,20.113,20.483,,,,,,,,
dwm.exe,0x000001710AF78AB0,DXGI,1,0,0,Hardware: Legacy Flip,0,5.214119,20.782,27.778,21.545,27.479,,,,,,,,
dwm.exe,0x000001710AF78AB0,DXGI,1,0,0,Hardware: Legacy Flip,0,5.241964,27.845,20.850,15.911,20.484,,,,,,,,
dwm.exe,0x000001710AF78AB0,DXGI,1,0,0,Hardware: Legacy Flip,0,5.262751,20.787,20.842,17.334,20.538,,,,,,,,
dwm.exe,0x000001710AF78AB0,DXGI,1,0,0,Hardware: Legacy Flip,0,5.283868,21.117,20.857,18.472,20.278,,,,,,,,
dwm.exe,0x000001710AF78AB0,DXGI,1,0,0,Hardware: Legacy Flip,0,5.304610,20.742,20.828,20.177,20.365,,,,,,,,
dwm.exe,0x000001710AF78AB0,DXGI,1,0,0,Hardware: Legacy Flip,0,5.325568,20.959,27.817,21.559,27.223,,,,,,,,
dwm.exe,0x000001710AF78AB0,DXGI,1,0,0,Hardware: Legacy Flip,0,5.353461,27.892,20.845,16.155,20.175,,,,,,,,
dwm.exe,0x000001710ACF79D0,DXGI,1,0,0,Hardware: Legacy Flip,0,5.325835,486.302,500.396,43.210,47.807,,,,,,,,
dwm.exe,0x000001710AF78AB0,DXGI,1,0,0,Hardware: Legacy Flip,0,5.374102,20.641,20.828,17.926,20.362,,,,,,,,
dwm.exe,0x000001710ACF79D0,DXGI,1,0,0,Hardware: Legacy Flip,0,5.353659,27.824,33.408,37.884,53.392,,,,,,,,
dwm.exe,0x000001710AF78AB0,DXGI,1,0,0,Hardware: Legacy Flip,0,5.408809,34.707,20.845,5.544,6.500,,,,,,,,
dwm.exe,0x000001710ACF79D0,DXGI,1,0,0,Hardware: Legacy Flip,0,5.374258,20.599,16.646,32.792,49.439,,,,,,,,
dwm.exe,0x000001710AF78AB0,DXGI,1,0,0,Hardware: Legacy Flip,0,5.429632,20.824,27.815,6.972,13.491,,,,,,,,
dwm.exe,0x000001710AF78AB0,DXGI,1,0,0,Hardware: Legacy Flip,0,5.443456,13.824,20.834,15.348,20.501,,,,,,,,
dwm.exe,0x000001710AF78AB0,DXGI,1,0,0,Hardware: Legacy Flip,0,5.464309,20.853,20.849,16.691,20.497,,,,,,,,
dwm.exe,0x000001710AF78AB0,DXGI,1,0,0,Hardware: Legacy Flip,0,5.485239,20.930,20.839,18.001,20.407,,,,,,,,
dwm.exe,0x000001710AF78AB0,DXGI,1,0,0,Hardware: Legacy Flip,0,5.506005,20.766,20.843,19.486,20.484,,,,,,,,
dwm.exe,0x000001710AF78AB0,DXGI,1,0,0,Hardware: Legacy Flip,0,5.526923,20.919,27.817,20.832,27.381,,,,,,,,
dwm.exe,0x000001710AF78AB0,DXGI,1,0,0,Hardware: Legacy Flip,0,5.554796,27.873,20.830,15.199,20.338,,,,,,,,
dwm.exe,0x000001710AF78AB0,DXGI,1,0,0,Hardware: Legacy Flip,0,5.575442,20.646,20.855,16.826,20.548,,,,,,,,
dwm.exe,0x000001710AF78AB0,DXGI,1,0,0,Hardware: Legacy Flip,0,5.596383,20.941,20.837,18.085,20.445,,,,,,,,
dwm.exe,0x000001710AF78AB0,DXGI,1,0,0,Hardware: Legacy Flip,0,5.617189,20.806,20.839,19.537,20.478,,,,,,,,
dwm.exe,0x000001710AF78AB0,DXGI,1,0,0,Hardware: Legacy Flip,0,5.637985,20.796,27.808,21.023,27.490,,,,,,,,
dwm.exe,0x000001710AF78AB0,DXGI,1,0,0,Hardware: Legacy Flip,0,5.665861,27.876,20.856,15.314,20.469,,,,,,,,
dwm.exe,0x000001710AF78AB0,DXGI,1,0,0,Hardware: Legacy Flip,0,5.686709,20.848,20.843,16.672,20.465,,,,,,,,
dwm.exe,0x000001710AF78AB0,DXGI,1,0,0,Hardware: Legacy Flip,0,5.707709,21.000,20.838,17.945,20.303,,,,,,,,
dwm.exe,0x000001710AF78AB0,DXGI,1,0,0,Hardware: Legacy Flip,0,5.728396,20.688,20.838,19.479,20.453,,,,,,,,
dwm.exe,0x000001710AF78AB0,DXGI,1,0,0,Hardware: Legacy Flip,0,5.749252,20.855,27.810,20.860,27.407,,,,,,,,
dwm.exe,0x000001710AF78AB0,DXGI,1,0,0,Hardware: Legacy Flip,0,5.777053,27.801,20.834,15.272,20.440,,,,,,,,
dwm.exe,0x000001710AF78AB0,DXGI,1,0,0,Hardware: Legacy Flip,0,5.798013,20.960,20.857,16.530,20.337,,,,,,,,
dwm.exe,0x000001710AF78AB0,DXGI,1,0,0,Hardware: Legacy Flip,0,5.818764,20.752,20.829,18.289,20.415,,,,,,,,
dwm.exe,0x000001710AF78AB0,DXGI,1,0,0,Hardware: Legacy Flip,0,5.839672,20.907,20.843,19.689,20.351,,,,,,,,
dwm.exe,0x000001710ACF79D0,DXGI,1,0,0,Hardware: Legacy Flip,0,5.839839,465.581,450.346,19.695,34.203,,,,,,,,
dwm.exe,0x000001710AF78AB0,DXGI,1,0,0,Hardware: Legacy Flip,0,5.860333,20.662,27.807,21.453,27.497,,,,,,,,
dwm.exe,0x000001710AF78AB0,DXGI,1,0,0,Hardware: Legacy Flip,0,5.888225,27.892,20.847,15.765,20.452,,,,,,,,
dwm.exe,0x000001710AF78AB0,DXGI,1,0,0,Hardware: Legacy Flip,0,5.909034,20.809,20.961,17.120,20.604,,,,,,,,
dwm.exe,0x000001710AF78AB0,DXGI,1,0,0,Hardware: Legacy Flip,0,5.929958,20.924,20.719,18.443,20.400,,,,,,,,
dwm.exe,0x000001710AF78AB0,DXGI,1,0,0,Hardware: Legacy Flip,0,5.950747,20.789,20.853,19.824,20.464,,,,,,,,
dwm.exe,0x000001710AF78AB0,DXGI,1,0,0,Hardware: Legacy Flip,0,5.971500,20.754,27.801,21.279,27.511,,,,,,,,
dwm.exe,0x000001710AF78AB0,DXGI,1,0,0,Hardware: Legacy Flip,0,5.999361,27.860,20.852,15.712,20.502,,,,,,,,
dwm.exe,0x000001710AF78AB0,DXGI,1,0,0,Hardware: Legacy Flip,0,6.020268,20.908,20.833,16.999,20.427,,,,,,,,
dwm.exe,0x000001710AF78AB0,DXGI,1,0,0,Hardware: Legacy Flip,0,6.041179,20.911,20.860,18.470,20.376,,,,,,,,
dwm.exe,0x000001710AF78AB0,DXGI,1,0,0,Hardware: Legacy Flip,0,6.061995,20.816,20.830,19.984,20.390,,,,,,,,
dwm.exe,0x000001710AF78AB0,DXGI,1,0,0,Hardware: Legacy Flip,0,6.082834,20.839,27.796,21.328,27.347,,,,,,,,
dwm.exe,0x000001710AF78AB0,DXGI,1,0,0,Hardware: Legacy Flip,0,6.110511,27.677,20.853,15.906,20.523,,,,,,,,
dwm.exe,0x000001710AF78AB0,DXGI,1,0,0,Hardware: Legacy Flip,0,6.131441,20.929,20.844,17.224,20.437,,,,,,,,
dwm.exe,0x000001710AF78AB0,DXGI,1,0,0,Hardware: Legacy Flip,0,6.152279,20.838,20.837,18.539,20.436,,,,,,,,
dwm.exe,0x000001710AF78AB0,DXGI,1,0,0,Hardware: Legacy Flip,0,6.173027,20.748,20.849,20.005,20.537,,,,,,,,
dwm.exe,0x000001710AF78AB0,DXGI,1,0,0,Hardware: Legacy Flip,0,6.193876,20.849,27.806,21.379,27.494,,,,,,,,
dwm.exe,0x000001710AF78AB0,DXGI,1,0,0,Hardware: Legacy Flip,0,6.221790,27.914,20.844,15.698,20.423,,,,,,,,
dwm.exe,0x000001710AF78AB0,DXGI,1,0,0,Hardware: Legacy Flip,0,6.242561,20.771,20.846,17.156,20.498,,,,,,,,
dwm.exe,0x000001710AF78AB0,DXGI,1,0,0,Hardware: Legacy Flip,0,6.263509,20.948,20.836,18.401,20.386,,,,,,,,
dwm.exe,0x000001710AF78AB0,DXGI,1,0,0,Hardware: Legacy Flip,0,6.284283,20.773,20.850,19.875,20.463,,,,,,,,
dwm.exe,0x000001710AF78AB0,DXGI,1,0,0,Hardware: Legacy Flip,0,6.305218,20.936,27.807,21.461,27.334,,,,,,,,
dwm.exe,0x000001710AF78AB0,DXGI,1,0,0,Hardware: Legacy Flip,0,6.333110,27.891,20.836,15.838,20.279,,,,,,,,
dwm.exe,0x000001710AF78AB0,DXGI,1,0,0,Hardware: Legacy Flip,0,6.353894,20.784,20.851,17.546,20.345,,,,,,,,
dwm.exe,0x000001710ACF79D0,DXGI,1,0,0,Hardware: Legacy Flip,0,6.333339,493.500,500.411,37.565,41.114,,,,,,,,
dwm.exe,0x000001710AF78AB0,DXGI,1,0,0,Hardware: Legacy Flip,0,6.381602,27.708,20.844,12.215,13.482,,,,,,,,
dwm.exe,0x000001710ACF79D0,DXGI,1,0,0,Hardware: Legacy Flip,0,6.354084,20.745,33.848,39.236,54.218,,,,,,,,
dwm.exe,0x000001710AF78AB0,DXGI,1,0,0,Hardware: Legacy Flip,0,6.409428,27.827,27.805,6.740,13.460,,,,,,,,
dwm.exe,0x000001710ACF79D0,DXGI,1,0,0,Hardware: Legacy Flip,0,6.381756,27.672,16.211,26.543,42.757,,,,,,,,
dwm.exe,0x000001710AF78AB0,DXGI,1,0,0,Hardware: Legacy Flip,0,6.430332,20.903,20.843,8.073,13.400,,,,,,,,
dwm.exe,0x000001710AF78AB0,DXGI,1,0,0,Hardware: Legacy Flip,0,6.444139,13.807,20.840,16.484,20.433,,,,,,,,
dwm.exe,0x000001710AF78AB0,DXGI,1,0,0,Hardware: Legacy Flip,0,6.465104,20.966,21.017,17.703,20.485,,,,,,,,
dwm.exe,0x000001710AF78AB0,DXGI,1,0,0,Hardware: Legacy Flip,0,6.485964,20.859,20.664,19.082,20.289,,,,,,,,
dwm.exe,0x000001710AF78AB0,DXGI,1,0,0,Hardware: Legacy Flip,0,6.506602,20.638,27.814,20.693,27.466,,,,,,,,
dwm.exe,0x000001710AF78AB0,DXGI,1,0,0,Hardware: Legacy Flip,0,6.534472,27.870,20.833,15.060,20.429,,,,,,,,
dwm.exe,0x000001710AF78AB0,DXGI,1,0,0,Hardware: Legacy Flip,0,6.555275,20.803,20.849,16.610,20.474,,,,,,,,
dwm.exe,0x000001710AF78AB0,DXGI,1,0,0,Hardware: Legacy Flip,0,6.576213,20.938,20.837,17.855,20.374,,,,,,,,
dwm.exe,0x000001710AF78AB0,DXGI,1,0,0,Hardware: Legacy Flip,0,6.596923,20.710,20.843,19.358,20.506,,,,,,,,
dwm.exe,0x000001710AF78AB0,DXGI,1,0,0,Hardware: Legacy Flip,0,6.617805,20.882,27.804,20.624,27.428,,,,,,,,
dwm.exe,0x000001710AF78AB0,DXGI,1,0,0,Hardware: Legacy Flip,0,6.645536,27.731,20.846,15.133,20.544,,,,,,,,
dwm.exe,0x000001710AF78AB0,DXGI,1,0,0,Hardware: Legacy Flip,0,6.666436,20.900,20.845,16.429,20.488,,,,,,,,
dwm.exe,0x000001710AF78AB0,DXGI,1,0,0,Hardware: Legacy Flip,0,6.687292,20.855,20.838,17.808,20.471,,,,,,,,
dwm.exe,0x000001710AF78AB0,DXGI,1,0,0,Hardware: Legacy Flip,0,6.708148,20.857,20.846,19.188,20.461,,,,,,,,
dwm.exe,0x000001710AF78AB0,DXGI,1,0,0,Hardware: Legacy Flip,0,6.728988,20.840,27.957,20.573,27.578,,,,,,,,
dwm.exe,0x000001710AF78AB0,DXGI,1,0,0,Hardware: Legacy Flip,0,6.756993,28.004,20.691,14.833,20.264,,,,,,,,
dwm.exe,0x000001710AF78AB0,DXGI,1,0,0,Hardware: Legacy Flip,0,6.777746,20.753,20.845,16.299,20.357,,,,,,,,
dwm.exe,0x000001710AF78AB0,DXGI,1,0,0,Hardware: Legacy Flip,0,6.798423,20.677,20.855,17.982,20.534,,,,,,,,
dwm.exe,0x000001710AF78AB0,DXGI,1,0,0,Hardware: Legacy Flip,0,6.819530,21.107,20.852,20.003,20.280,,,,,,,,
dwm.exe,0x000001710AF78AB0,DXGI,1,0,0,Hardware: Legacy Flip,0,6.840407,20.877,27.783,21.594,27.186,,,,,,,,
dwm.exe,0x000001710ACF79D0,DXGI,1,0,0,Hardware: Legacy Flip,0,6.819816,438.060,450.346,41.599,55.042,,,,,,,,
dwm.exe,0x000001710AF78AB0,DXGI,1,0,0,Hardware: Legacy Flip,0,6.881923,41.516,20.856,2.478,6.525,,,,,,,,
dwm.exe,0x000001710ACF79D0,DXGI,1,0,0,Hardware: Legacy Flip,0,6.840615,20.798,16.733,43.305,50.977,,,,,,,,
dwm.exe,0x000001710ACF79D0,DXGI,1,0,0,Hardware: Legacy Flip,0,6.882113,41.499,16.645,9.477,26.123,,,,,,,,
dwm.exe,0x000001710AF78AB0,DXGI,1,0,0,Hardware: Legacy Flip,0,6.895746,13.823,20.824,10.983,13.526,,,,,,,,
dwm.exe,0x000001710AF78AB0,DXGI,1,0,0,Hardware: Legacy Flip,0,6.909648,13.902,20.855,19.679,20.478,,,,,,,,
dwm.exe,0x000001710AF78AB0,DXGI,1,0,0,Hardware: Legacy Flip,0,6.930587,20.938,27.797,21.068,27.337,,,,,,,,
dwm.exe,0x000001710AF78AB0,DXGI,1,0,0,Hardware: Legacy Flip,0,6.958325,27.739,20.843,15.631,20.441,,,,,,,,
dwm.exe,0x000001710AF78AB0,DXGI,1,0,0,Hardware: Legacy Flip,0,6.979113,20.787,20.850,17.083,20.504,,,,,,,,
dwm.exe,0x000001710AF78AB0,DXGI,1,0,0,Hardware: Legacy Flip,0,7.000100,20.987,20.838,18.346,20.356,,,,,,,,
dwm.exe,0x000001710AF78AB0,DXGI,1,0,0,Hardware: Legacy Flip,0,7.020771,20.672,20.843,19.966,20.527,,,,,,,,
dwm.exe,0x000001710AF78AB0,DXGI,1,0,0,Hardware: Legacy Flip,0,7.041676,20.904,27.800,21.235,27.423,,,,,,,,
dwm.exe,0x000001710AF78AB0,DXGI,1,0,0,Hardware: Legacy Flip,0,7.069459,27.783,20.859,15.659,20.499,,,,,,,,
dwm.exe,0x000001710AF78AB0,DXGI,1,0,0,Hardware: Legacy Flip,0,7.090362,20.903,20.837,17.007,20.433,,,,,,,,
dwm.exe,0x000001710AF78AB0,DXGI,1,0,0,Hardware: Legacy Flip,0,7.111293,20.930,20.836,18.273,20.339,,,,,,,,
dwm.exe,0x000001710AF78AB0,DXGI,1,0,0,Hardware: Legacy Flip,0,7.132003,20.711,20.860,19.775,20.488,,,,,,,,
dwm.exe,0x000001710AF78AB0,DXGI,1,0,0,Hardware: Legacy Flip,0,7.152791,20.788,27.800,21.224,27.501,,,,,,,,
dwm.exe,0x000001710AF78AB0,DXGI,1,0,0,Hardware: Legacy Flip,0,7.180668,27.877,20.840,15.592,20.465,,,,,,,,
dwm.exe,0x000001710AF78AB0,DXGI,1,0,0,Hardware: Legacy Flip,0,7.201524,20.857,20.855,16.991,20.463,,,,,,,,
dwm.exe,0x000001710AF78AB0,DXGI,1,0,0,Hardware: Legacy Flip,0,7.222422,20.897,20.821,18.300,20.387,,,,,,,,
dwm.exe,0x000001710AF78AB0,DXGI,1,0,0,Hardware: Legacy Flip,0,7.243126,20.704,20.851,19.855,20.534,,,,,,,,
dwm.exe,0x000001710AF78AB0,DXGI,1,0,0,Hardware: Legacy Flip,0,7.264032,20.907,27.813,21.107,27.440,,,,,,,,
dwm.exe,0x000001710AF78AB0,DXGI,1,0,0,Hardware: Legacy Flip,0,7.291816,27.783,20.850,15.567,20.507,,,,,,,,
dwm.exe,0x000001710AF78AB0,DXGI,1,0,0,Hardware: Legacy Flip,0,7.312837,21.022,20.837,17.054,20.322,,,,,,,,
dwm.exe,0x000001710AF78AB0,DXGI,1,0,0,Hardware: Legacy Flip,0,7.333751,20.913,20.866,18.326,20.274,,,,,,,,
dwm.exe,0x000001710ACF79D0,DXGI,1,0,0,Hardware: Legacy Flip,0,7.333989,451.876,467.053,40.313,41.300,,,,,,,,
dwm.exe,0x000001710AF78AB0,DXGI,1,0,0,Hardware: Legacy Flip,0,7.354406,20.655,48.660,42.337,48.280,,,,,,,,
dwm.exe,0x000001710ACF79D0,DXGI,1,0,0,Hardware: Legacy Flip,0,7.382946,48.957,33.364,14.050,25.707,,,,,,,,
dwm.exe,0x000001710AF78AB0,DXGI,1,0,0,Hardware: Legacy Flip,0,7.382696,28.290,6.913,19.988,26.903,,,,,,,,
dwm.exe,0x000001710AF78AB0,DXGI,1,0,0,Hardware: Legacy Flip,0,7.403365,20.669,13.900,16.236,20.135,,,,,,,,
dwm.exe,0x000001710ACF79D0,DXGI,1,0,0,Hardware: Legacy Flip,0,7.403564,20.618,16.683,16.086,21.772,,,,,,,,
dwm.exe,0x000001710AF78AB0,DXGI,1,0,0,Hardware: Legacy Flip,0,7.423928,20.563,20.822,18.134,20.393,,,,,,,,
dwm.exe,0x000001710AF78AB0,DXGI,1,0,0,Hardware: Legacy Flip,0,7.444851,20.923,20.846,19.388,20.316,,,,,,,,
dwm.exe,0x000001710ACF79D0,DXGI,1,0,0,Hardware: Legacy Flip,0,7.445056,41.492,50.069,19.366,30.350,,,,,,,,
dwm.exe,0x000001710AF78AB0,DXGI,1,0,0,Hardware: Legacy Flip,0,7.465501,20.650,34.922,21.131,34.588,,,,,,,,
dwm.exe,0x000001710AF78AB0,DXGI,1,0,0,Hardware: Legacy Flip,0,7.500516,35.016,13.725,8.351,13.297,,,,,,,,
dwm.exe,0x000001710AF78AB0,DXGI,1,0,0,Hardware: Legacy Flip,0,7.514123,13.606,20.854,17.149,20.545,,,,,,,,
dwm.exe,0x000001710AF78AB0,DXGI,1,0,0,Hardware: Legacy Flip,0,7.535127,21.004,20.835,18.462,20.376,,,,,,,,
dwm.exe,0x000001710AF78AB0,DXGI,1,0,0,Hardware: Legacy Flip,0,7.555889,20.762,20.851,19.919,20.465,,,,,,,,
dwm.exe,0x000001710AF78AB0,DXGI,1,0,0,Hardware: Legacy Flip,0,7.576714,20.826,27.797,21.316,27.437,,,,,,,,
dwm.exe,0x000001710AF78AB0,DXGI,1,0,0,Hardware: Legacy Flip,0,7.604522,27.808,20.845,15.789,20.473,,,,,,,,
dwm.exe,0x000001710AF78AB0,DXGI,1,0,0,Hardware: Legacy Flip,0,7.625384,20.862,20.843,17.120,20.455,,,,,,,,
dwm.exe,0x000001710AF78AB0,DXGI,1,0,0,Hardware: Legacy Flip,0,7.646332,20.948,20.840,18.418,20.347,,,,,,,,
dwm.exe,0x000001710AF78AB0,DXGI,1,0,0,Hardware: Legacy Flip,0,7.667017,20.685,20.847,19.939,20.509,,,,,,,,
dwm.exe,0x000001710AF78AB0,DXGI,1,0,0,Hardware: Legacy Flip,0,7.687802,20.785,27.815,21.356,27.539,,,,,,,,
dwm.exe,0x000001710AF78AB0,DXGI,1,0,0,Hardware: Legacy Flip,0,7.715746,27.945,20.846,15.673,20.440,,,,,,,,
dwm.exe,0x000001710AF78AB0,DXGI,1,0,0,Hardware: Legacy Flip,0,7.736649,20.902,20.832,17.009,20.369,,,,,,,,
dwm.exe,0x000001710AF78AB0,DXGI,1,0,0,Hardware: Legacy Flip,0,7.757701,21.053,20.839,18.127,20.156,,,,,,,,
dwm.exe,0x000001710AF78AB0,DXGI,1,0,0,Hardware: Legacy Flip,0,7.778252,20.550,20.848,19.807,20.454,,,,,,,,
dwm.exe,0x000001710AF78AB0,DXGI,1,0,0,Hardware: Legacy Flip,0,7.798996,20.744,27.810,21.603,27.519,,,,,,,,
dwm.exe,0x000001710AF78AB0,DXGI,1,0,0,Hardware: Legacy Flip,0,7.827045,28.049,20.851,15.553,20.321,,,,,,,,
dwm.exe,0x000001710ACF79D0,DXGI,1,0,0,Hardware: Legacy Flip,0,7.827260,382.204,383.727,15.622,31.872,,,,,,,,
dwm.exe,0x000001710AF78AB0,DXGI,1,0,0,Hardware: Legacy Flip,0,7.847913,20.868,20.848,17.191,20.302,,,,,,,,
dwm.exe,0x000001710AF78AB0,DXGI,1,0,0,Hardware: Legacy Flip,0,7.868658,20.745,20.834,18.688,20.391,,,,,,,,
dwm.exe,0x000001710AF78AB0,DXGI,1,0,0,Hardware: Legacy Flip,0,7.889481,20.823,20.836,20.040,20.404,,,,,,,,
dwm.exe,0x000001710AF78AB0,DXGI,1,0,0,Hardware: Legacy Flip,0,7.910274,20.793,27.816,21.488,27.426,,,,,,,,
dwm.exe,0x000001710AF78AB0,DXGI,1,0,0,Hardware: Legacy Flip,0,7.938145,27.872,20.844,15.838,20.398,,,,,,,,
dwm.exe,0x000001710AF78AB0,DXGI,1,0,0,Hardware: Legacy Flip,0,7.958901,20.756,20.847,17.273,20.490,,,,,,,,
dwm.exe,0x000001710AF78AB0,DXGI,1,0,0,Hardware: Legacy Flip,0,7.979928,21.027,20.853,18.508,20.316,,,,,,,,
dwm.exe,0x000001710AF78AB0,DXGI,1,0,0,Hardware: Legacy Flip,0,8.000560,20.632,20.819,20.110,20.504,,,,,,,,
dwm.exe,0x000001710AF78AB0,DXGI,1,0,0,Hardware: Legacy Flip,0,8.021358,20.798,27.814,21.523,27.520,,,,,,,,
dwm.exe,0x000001710AF78AB0,DXGI,1,0,0,Hardware: Legacy Flip,0,8.049270,27.912,20.845,15.857,20.453,,,,,,,,
dwm.exe,0x000001710AF78AB0,DXGI,1,0,0,Hardware: Legacy Flip,0,8.070078,20.808,20.848,17.311,20.492,,,,,,,,
dwm.exe,0x000001710AF78AB0,DXGI,1,0,0,Hardware: Legacy Flip,0,8.091012,20.934,20.852,18.605,20.410,,,,,,,,
dwm.exe,0x000001710AF78AB0,DXGI,1,0,0,Hardware: Legacy Flip,0,8.111802,20.790,20.817,20.045,20.438,,,,,,,,
dwm.exe,0x000001710AF78AB0,DXGI,1,0,0,Hardware: Legacy Flip,0,8.132616,20.814,27.816,21.411,27.440,,,,,,,,
dwm.exe,0x000001710AF78AB0,DXGI,1,0,0,Hardware: Legacy Flip,0,8.160484,27.868,20.849,15.776,20.421,,,,,,,,
dwm.exe,0x000001710AF78AB0,DXGI,1,0,0,Hardware: Legacy Flip,0,8.181337,20.853,20.838,17.109,20.406,,,,,,,,
dwm.exe,0x000001710AF78AB0,DXGI,1,0,0,Hardware: Legacy Flip,0,8.202170,20.834,20.852,18.549,20.425,,,,,,,,
dwm.exe,0x000001710AF78AB0,DXGI,1,0,0,Hardware: Legacy Flip,0,8.222953,20.782,20.822,19.969,20.464,,,,,,,,
dwm.exe,0x000001710AF78AB0,DXGI,1,0,0,Hardware: Legacy Flip,0,8.243725,20.772,27.804,21.430,27.496,,,,,,,,
dwm.exe,0x000001710AF78AB0,DXGI,1,0,0,Hardware: Legacy Flip,0,8.271623,27.898,20.860,15.751,20.459,,,,,,,,
dwm.exe,0x000001710AF78AB0,DXGI,1,0,0,Hardware: Legacy Flip,0,8.292513,20.890,20.833,17.132,20.402,,,,,,,,
dwm.exe,0x000001710AF78AB0,DXGI,1,0,0,Hardware: Legacy Flip,0,8.313366,20.853,20.836,18.863,20.384,,,,,,,,
dwm.exe,0x000001710AF78AB0,DXGI,1,0,0,Hardware: Legacy Flip,0,8.334318,20.951,20.852,19.944,20.285,,,,,,,,
dwm.exe,0x000001710ACF79D0,DXGI,1,0,0,Hardware: Legacy Flip,0,8.334528,507.268,500.284,19.998,24.888,,,,,,,,
dwm.exe,0x000001710AF78AB0,DXGI,1,0,0,Hardware: Legacy Flip,0,8.361960,27.642,27.798,14.784,20.441,,,,,,,,
dwm.exe,0x000001710AF78AB0,DXGI,1,0,0,Hardware: Legacy Flip,0,8.382797,20.837,20.849,16.160,20.453,,,,,,,,
dwm.exe,0x000001710AF78AB0,DXGI,1,0,0,Hardware: Legacy Flip,0,8.403590,20.794,20.858,17.639,20.517,,,,,,,,
dwm.exe,0x000001710AF78AB0,DXGI,1,0,0,Hardware: Legacy Flip,0,8.424525,20.934,20.853,18.890,20.436,,,,,,,,
dwm.exe,0x000001710AF78AB0,DXGI,1,0,0,Hardware: Legacy Flip,0,8.445337,20.812,20.816,20.360,20.440,,,,,,,,
dwm.exe,0x000001710AF78AB0,DXGI,1,0,0,Hardware: Legacy Flip,0,8.466220,20.884,27.789,21.687,27.346,,,,,,,,
dwm.exe,0x000001710AF78AB0,DXGI,1,0,0,Hardware: Legacy Flip,0,8.493955,27.735,20.876,16.158,20.487,,,,,,,,
dwm.exe,0x000001710AF78AB0,DXGI,1,0,0,Hardware: Legacy Flip,0,8.514854,20.899,20.836,17.524,20.424,,,,,,,,
dwm.exe,0x000001710AF78AB0,DXGI,1,0,0,Hardware: Legacy Flip,0,8.535733,20.879,20.833,18.854,20.378,,,,,,,,
dwm.exe,0x000001710AF78AB0,DXGI,1,0,0,Hardware: Legacy Flip,0,8.556453,20.720,20.843,20.354,20.501,,,,,,,,
dwm.exe,0x000001710AF78AB0,DXGI,1,0,0,Hardware: Legacy Flip,0,8.584262,27.809,27.802,14.761,20.494,,,,,,,,
dwm.exe,0x000001710AF78AB0,DXGI,1,0,0,Hardware: Legacy Flip,0,8.605107,20.845,20.848,16.128,20.497,,,,,,,,
dwm.exe,0x000001710AF78AB0,DXGI,1,0,0,Hardware: Legacy Flip,0,8.625972,20.866,20.839,17.448,20.470,,,,,,,,
dwm.exe,0x000001710AF78AB0,DXGI,1,0,0,Hardware: Legacy Flip,0,8.646806,20.834,20.846,18.880,20.483,,,,,,,,
dwm.exe,0x000001710AF78AB0,DXGI,1,0,0,Hardware: Legacy Flip,0,8.667626,20.820,20.851,20.277,20.514,,,,,,,,
dwm.exe,0x000001710AF78AB0,DXGI,1,0,0,Hardware: Legacy Flip,0,8.688602,20.976,27.799,21.392,27.337,,,,,,,,
dwm.exe,0x000001710AF78AB0,DXGI,1,0,0,Hardware: Legacy Flip,0,8.716360,27.759,20.840,15.869,20.419,,,,,,,,
dwm.exe,0x000001710AF78AB0,DXGI,1,0,0,Hardware: Legacy Flip,0,8.737171,20.811,20.863,17.291,20.471,,,,,,,,
dwm.exe,0x000001710AF78AB0,DXGI,1,0,0,Hardware: Legacy Flip,0,8.758089,20.918,20.835,18.562,20.388,,,,,,,,
dwm.exe,0x000001710AF78AB0,DXGI,1,0,0,Hardware: Legacy Flip,0,8.778813,20.724,27.821,20.508,27.485,,,,,,,,
dwm.exe,0x000001710AF78AB0,DXGI,1,0,0,Hardware: Legacy Flip,0,8.799981,21.168,20.808,21.414,27.125,,,,,,,,
dwm.exe,0x000001710AF78AB0,DXGI,1,0,0,Hardware: Legacy Flip,0,8.827557,27.577,20.853,16.408,20.401,,,,,,,,
dwm.exe,0x000001710AF78AB0,DXGI,1,0,0,Hardware: Legacy Flip,0,8.848590,21.033,41.739,39.820,41.107,,,,,,,,
dwm.exe,0x000001710ACF79D0,DXGI,1,0,0,Hardware: Legacy Flip,0,8.848757,514.229,533.837,39.845,44.497,,,,,,,,
dwm.exe,0x000001710AF78AB0,DXGI,1,0,0,Hardware: Legacy Flip,0,8.869347,20.758,6.914,20.348,27.264,,,,,,,,
dwm.exe,0x000001710ACF79D0,DXGI,1,0,0,Hardware: Legacy Flip,0,8.869515,20.759,16.626,23.737,40.365,,,,,,,,
dwm.exe,0x000001710AF78AB0,DXGI,1,0,0,Hardware: Legacy Flip,0,8.897117,27.769,20.842,14.024,20.337,,,,,,,,
dwm.exe,0x000001710ACF79D0,DXGI,1,0,0,Hardware: Legacy Flip,0,8.897319,27.803,16.679,14.005,29.240,,,,,,,,
dwm.exe,0x000001710AF78AB0,DXGI,1,0,0,Hardware: Legacy Flip,0,8.917805,20.688,20.970,15.748,20.619,,,,,,,,
dwm.exe,0x000001710AF78AB0,DXGI,1,0,0,Hardware: Legacy Flip,0,8.938795,20.990,20.730,16.947,20.359,,,,,,,,
dwm.exe,0x000001710AF78AB0,DXGI,1,0,0,Hardware: Legacy Flip,0,8.959584,20.789,20.824,18.385,20.394,,,,,,,,
dwm.exe,0x000001710AF78AB0,DXGI,1,0,0,Hardware: Legacy Flip,0,8.980303,20.718,20.870,19.897,20.546,,,,,,,,
dwm.exe,0x000001710AF78AB0,DXGI,1,0,0,Hardware: Legacy Flip,0,9.001134,20.832,27.789,21.258,27.503,,,,,,,,
dwm.exe,0x000001710AF78AB0,DXGI,1,0,0,Hardware: Legacy Flip,0,9.028990,27.856,20.849,15.653,20.496,,,,,,,,
dwm.exe,0x000001710AF78AB0,DXGI,1,0,0,Hardware: Legacy Flip,0,9.049890,20.900,20.836,16.989,20.432,,,,,,,,
dwm.exe,0x000001710AF78AB0,DXGI,1,0,0,Hardware: Legacy Flip,0,9.071029,21.140,20.835,18.041,20.128,,,,,,,,
dwm.exe,0x000001710AF78AB0,DXGI,1,0,0,Hardware: Legacy Flip,0,9.091530,20.501,20.839,19.777,20.466,,,,,,,,
dwm.exe,0x000001710AF78AB0,DXGI,1,0,0,Hardware: Legacy Flip,0,9.112322,20.791,27.820,21.270,27.495,,,,,,,,
dwm.exe,0x000001710AF78AB0,DXGI,1,0,0,Hardware: Legacy Flip,0,9.140222,27.901,20.825,15.437,20.419,,,,,,,,
dwm.exe,0x000001710AF78AB0,DXGI,1,0,0,Hardware: Legacy Flip,0,9.161181,20.959,20.859,16.735,20.319,,,,,,,,
dwm.exe,0x000001710AF78AB0,DXGI,1,0,0,Hardware: Legacy Flip,0,9.182009,20.828,20.835,18.103,20.326,,,,,,,,
dwm.exe,0x000001710AF78AB0,DXGI,1,0,0,Hardware: Legacy Flip,0,9.202702,20.694,20.845,19.662,20.477,,,,,,,,
dwm.exe,0x000001710AF78AB0,DXGI,1,0,0,Hardware: Legacy Flip,0,9.223487,20.785,27.805,21.124,27.497,,,,,,,,
dwm.exe,0x000001710AF78AB0,DXGI,1,0,0,Hardware: Legacy Flip,0,9.251324,27.837,20.838,15.484,20.499,,,,,,,,
dwm.exe,0x000001710AF78AB0,DXGI,1,0,0,Hardware: Legacy Flip,0,9.272203,20.879,20.856,16.858,20.475,,,,,,,,
dwm.exe,0x000001710AF78AB0,DXGI,1,0,0,Hardware: Legacy Flip,0,9.293173,20.970,20.839,18.100,20.344,,,,,,,,
dwm.exe,0x000001710AF78AB0,DXGI,1,0,0,Hardware: Legacy Flip,0,9.313987,20.814,20.848,19.779,20.378,,,,,,,,
dwm.exe,0x000001710AF78AB0,DXGI,1,0,0,Hardware: Legacy Flip,0,9.334953,20.966,27.800,21.154,27.212,,,,,,,,
dwm.exe,0x000001710AF78AB0,DXGI,1,0,0,Hardware: Legacy Flip,0,9.362548,27.595,41.744,37.693,41.362,,,,,,,,
dwm.exe,0x000001710ACF79D0,DXGI,1,0,0,Hardware: Legacy Flip,0,9.383570,486.252,483.731,17.158,26.720,,,,,,,,
dwm.exe,0x000001710AF78AB0,DXGI,1,0,0,Hardware: Legacy Flip,0,9.383414,20.866,6.880,20.494,27.376,,,,,,,,
dwm.exe,0x000001710AF78AB0,DXGI,1,0,0,Hardware: Legacy Flip,0,9.404340,20.927,13.910,19.168,20.360,,,,,,,,
dwm.exe,0x000001710AF78AB0,DXGI,1,0,0,Hardware: Legacy Flip,0,9.425282,20.941,27.799,20.501,27.218,,,,,,,,
dwm.exe,0x000001710AF78AB0,DXGI,1,0,0,Hardware: Legacy Flip,0,9.452980,27.698,20.845,15.205,20.364,,,,,,,,
dwm.exe,0x000001710ACF79D0,DXGI,1,0,0,Hardware: Legacy Flip,0,9.425486,41.916,66.718,42.238,51.522,,,,,,,,
dwm.exe,0x000001710ACF79D0,DXGI,1,0,0,Hardware: Legacy Flip,0,9.453179,27.693,16.675,36.946,40.504,,,,,,,,
dwm.exe,0x000001710AF78AB0,DXGI,1,0,0,Hardware: Legacy Flip,0,9.480664,27.685,41.731,31.686,34.411,,,,,,,,
dwm.exe,0x000001710AF78AB0,DXGI,1,0,0,Hardware: Legacy Flip,0,9.494642,13.977,6.906,20.432,27.340,,,,,,,,
dwm.exe,0x000001710AF78AB0,DXGI,1,0,0,Hardware: Legacy Flip,0,9.515494,20.853,13.891,19.495,20.378,,,,,,,,
dwm.exe,0x000001710AF78AB0,DXGI,1,0,0,Hardware: Legacy Flip,0,9.536156,20.661,27.813,21.099,27.529,,,,,,,,
dwm.exe,0x000001710AF78AB0,DXGI,1,0,0,Hardware: Legacy Flip,0,9.564081,27.925,20.834,15.370,20.438,,,,,,,,
dwm.exe,0x000001710AF78AB0,DXGI,1,0,0,Hardware: Legacy Flip,0,9.584880,20.799,20.863,16.812,20.502,,,,,,,,
dwm.exe,0x000001710AF78AB0,DXGI,1,0,0,Hardware: Legacy Flip,0,9.605806,20.926,20.825,18.070,20.400,,,,,,,,
dwm.exe,0x000001710AF78AB0,DXGI,1,0,0,Hardware: Legacy Flip,0,9.626576,20.770,20.843,19.529,20.474,,,,,,,,
dwm.exe,0x000001710AF78AB0,DXGI,1,0,0,Hardware: Legacy Flip,0,9.647355,20.779,27.897,21.049,27.591,,,,,,,,
